FECHA;DIFICULTAD;T1;T2;T3;T4;T5;T6;T1_T4;T2_T4;T3_T4;T1_T5;T2_T5;T3_T5;T1_T6;T2_T6;T3_T6
2025-12-22 01:06;Easy;Arsenal;Liverpool;Atl Madrid;Man City;Chelsea;Inter;Arsenal_Man City;Liverpool_Man City;Atl Madrid_Man City;Arsenal_Chelsea;Liverpool_Chelsea;Atl Madrid_Chelsea;Arsenal_Inter;Liverpool_Inter;Atl Madrid_Inter
2025-12-22 01:06;Normal;Arsenal;Inter;France;Man City;Chelsea;Atl Madrid;Arsenal_Man City;Inter_Man City;France_Man City;Arsenal_Chelsea;Inter_Chelsea;France_Chelsea;Arsenal_Atl Madrid;Inter_Atl Madrid;France_Atl Madrid
2025-12-22 01:06;Hard;Man City;Brazil;Denmark;Arsenal;Chelsea;Atl Madrid;Man City_Arsenal;Brazil_Arsenal;Denmark_Arsenal;Man City_Chelsea;Brazil_Chelsea;Denmark_Chelsea;Man City_Atl Madrid;Brazil_Atl Madrid;Denmark_Atl Madrid
2025-12-22 01:06;Legend;Man Utd;Portugal;Ukraine;Arsenal;PSG;Marseille;Man Utd_Arsenal;Portugal_Arsenal;Ukraine_Arsenal;Man Utd_PSG;Portugal_PSG;Ukraine_PSG;Man Utd_Marseille;Portugal_Marseille;Ukraine_Marseille
2025-12-23 00:14;Easy;Man City;AC Milan;Atl Madrid;Man Utd;Juventus;Real Madrid;Man City_Man Utd;AC Milan_Man Utd;Atl Madrid_Man Utd;Man City_Juventus;AC Milan_Juventus;Atl Madrid_Juventus;Man City_Real Madrid;AC Milan_Real Madrid;Atl Madrid_Real Madrid
2025-12-23 00:14;Normal;Tottenham;Belgium;France;Man City;AC Milan;Atl Madrid;Tottenham_Man City;Belgium_Man City;France_Man City;Tottenham_AC Milan;Belgium_AC Milan;France_AC Milan;Tottenham_Atl Madrid;Belgium_Atl Madrid;France_Atl Madrid
2025-12-23 00:14;Hard;Barcelona;Uruguay;Norway;Arsenal;Real Madrid;Chelsea;Barcelona_Arsenal;Uruguay_Arsenal;Norway_Arsenal;Barcelona_Real Madrid;Uruguay_Real Madrid;Norway_Real Madrid;Barcelona_Chelsea;Uruguay_Chelsea;Norway_Chelsea
2025-12-23 00:14;Legend;AC Milan;Galatasaray;Turkiye;Barcelona;Fenerbahce;Atalanta;AC Milan_Barcelona;Galatasaray_Barcelona;Turkiye_Barcelona;AC Milan_Fenerbahce;Galatasaray_Fenerbahce;Turkiye_Fenerbahce;AC Milan_Atalanta;Galatasaray_Atalanta;Turkiye_Atalanta
2025-12-24 23:58;Easy;PSG;Chelsea;Man City;Juventus;Barcelona;Arsenal;PSG_Juventus;Chelsea_Juventus;Man City_Juventus;PSG_Barcelona;Chelsea_Barcelona;Man City_Barcelona;PSG_Arsenal;Chelsea_Arsenal;Man City_Arsenal
2025-12-24 23:58;Normal;Uruguay;Juventus;Man Utd;PSG;Barcelona;Arsenal;Uruguay_PSG;Juventus_PSG;Man Utd_PSG;Uruguay_Barcelona;Juventus_Barcelona;Man Utd_Barcelona;Uruguay_Arsenal;Juventus_Arsenal;Man Utd_Arsenal
2025-12-24 23:58;Hard;Japan;Belgium;Liverpool;AC Milan;Man Utd;Arsenal;Japan_AC Milan;Belgium_AC Milan;Liverpool_AC Milan;Japan_Man Utd;Belgium_Man Utd;Liverpool_Man Utd;Japan_Arsenal;Belgium_Arsenal;Liverpool_Arsenal
2025-12-24 23:58;Legend;Argentina;West Ham;Barcelona;Crystal Palace;Roma;Newcastle;Argentina_Crystal Palace;West Ham_Crystal Palace;Barcelona_Crystal Palace;Argentina_Roma;West Ham_Roma;Barcelona_Roma;Argentina_Newcastle;West Ham_Newcastle;Barcelona_Newcastle
2025-12-25 23:54;Easy;Man City;Atl Madrid;Liverpool;Man Utd;Inter;Chelsea;Man City_Man Utd;Atl Madrid_Man Utd;Liverpool_Man Utd;Man City_Inter;Atl Madrid_Inter;Liverpool_Inter;Man City_Chelsea;Atl Madrid_Chelsea;Liverpool_Chelsea
2025-12-25 23:54;Normal;Tottenham;Netherlands;Atl Madrid;Man City;Inter;Liverpool;Tottenham_Man City;Netherlands_Man City;Atl Madrid_Man City;Tottenham_Inter;Netherlands_Inter;Atl Madrid_Inter;Tottenham_Liverpool;Netherlands_Liverpool;Atl Madrid_Liverpool
2025-12-25 23:54;Hard;Barcelona;Poland;Germany;Man Utd;AC Milan;Liverpool;Barcelona_Man Utd;Poland_Man Utd;Germany_Man Utd;Barcelona_AC Milan;Poland_AC Milan;Germany_AC Milan;Barcelona_Liverpool;Poland_Liverpool;Germany_Liverpool
2025-12-25 23:54;Legend;AC Milan;Wales;France;Man Utd;West Ham;Tottenham;AC Milan_Man Utd;Wales_Man Utd;France_Man Utd;AC Milan_West Ham;Wales_West Ham;France_West Ham;AC Milan_Tottenham;Wales_Tottenham;France_Tottenham
2025-12-26 00:04;Easy;Tottenham;Inter;Barcelona;Man Utd;AC Milan;Chelsea;Tottenham_Man Utd;Inter_Man Utd;Barcelona_Man Utd;Tottenham_AC Milan;Inter_AC Milan;Barcelona_AC Milan;Tottenham_Chelsea;Inter_Chelsea;Barcelona_Chelsea
2025-12-26 00:04;Normal;Barcelona;Spain;PSG;Man Utd;Inter;Chelsea;Barcelona_Man Utd;Spain_Man Utd;PSG_Man Utd;Barcelona_Inter;Spain_Inter;PSG_Inter;Barcelona_Chelsea;Spain_Chelsea;PSG_Chelsea
2025-12-26 00:04;Hard;Juventus;Turkiye;Belgium;Liverpool;Inter;Real Madrid;Juventus_Liverpool;Turkiye_Liverpool;Belgium_Liverpool;Juventus_Inter;Turkiye_Inter;Belgium_Inter;Juventus_Real Madrid;Turkiye_Real Madrid;Belgium_Real Madrid
2025-12-26 00:04;Legend;Roma;Morocco;West Ham;Real Madrid;Marseille;Juventus;Roma_Real Madrid;Morocco_Real Madrid;West Ham_Real Madrid;Roma_Marseille;Morocco_Marseille;West Ham_Marseille;Roma_Juventus;Morocco_Juventus;West Ham_Juventus
2025-12-27 13:20;Easy;Man City;Liverpool;Tottenham;Man Utd;Barcelona;Real Madrid;Man City_Man Utd;Liverpool_Man Utd;Tottenham_Man Utd;Man City_Barcelona;Liverpool_Barcelona;Tottenham_Barcelona;Man City_Real Madrid;Liverpool_Real Madrid;Tottenham_Real Madrid
2025-12-27 13:20;Normal;Tottenham;Real Madrid;Atl Madrid;Liverpool;Inter;AC Milan;Tottenham_Liverpool;Real Madrid_Liverpool;Atl Madrid_Liverpool;Tottenham_Inter;Real Madrid_Inter;Atl Madrid_Inter;Tottenham_AC Milan;Real Madrid_AC Milan;Atl Madrid_AC Milan
2025-12-27 13:20;Hard;Barcelona;Juventus;PSG;Tottenham;Real Madrid;Atl Madrid;Barcelona_Tottenham;Juventus_Tottenham;PSG_Tottenham;Barcelona_Real Madrid;Juventus_Real Madrid;PSG_Real Madrid;Barcelona_Atl Madrid;Juventus_Atl Madrid;PSG_Atl Madrid
2025-12-27 13:20;Legend;Inter;Roma;Brazil;Liverpool;AC Milan;Juventus;Inter_Liverpool;Roma_Liverpool;Brazil_Liverpool;Inter_AC Milan;Roma_AC Milan;Brazil_AC Milan;Inter_Juventus;Roma_Juventus;Brazil_Juventus
2025-12-28 00:59;Easy;Barcelona;Inter;Man Utd;Chelsea;AC Milan;Man City;Barcelona_Chelsea;Inter_Chelsea;Man Utd_Chelsea;Barcelona_AC Milan;Inter_AC Milan;Man Utd_AC Milan;Barcelona_Man City;Inter_Man City;Man Utd_Man City
2025-12-28 00:59;Normal;PSG;Portugal;Chelsea;Barcelona;Atl Madrid;Man Utd;PSG_Barcelona;Portugal_Barcelona;Chelsea_Barcelona;PSG_Atl Madrid;Portugal_Atl Madrid;Chelsea_Atl Madrid;PSG_Man Utd;Portugal_Man Utd;Chelsea_Man Utd
2025-12-28 00:59;Hard;Belgium;Ukraine;Inter;Chelsea;AC Milan;Arsenal;Belgium_Chelsea;Ukraine_Chelsea;Inter_Chelsea;Belgium_AC Milan;Ukraine_AC Milan;Inter_AC Milan;Belgium_Arsenal;Ukraine_Arsenal;Inter_Arsenal
2025-12-28 00:59;Legend;West Ham;Colombia;Benfica;Boca Juniors;Atalanta;Real Madrid;West Ham_Boca Juniors;Colombia_Boca Juniors;Benfica_Boca Juniors;West Ham_Atalanta;Colombia_Atalanta;Benfica_Atalanta;West Ham_Real Madrid;Colombia_Real Madrid;Benfica_Real Madrid
2025-12-29 18:00;Easy;Man Utd;PSG;Atl Madrid;Tottenham;Juventus;Real Madrid;Man Utd_Tottenham;PSG_Tottenham;Atl Madrid_Tottenham;Man Utd_Juventus;PSG_Juventus;Atl Madrid_Juventus;Man Utd_Real Madrid;PSG_Real Madrid;Atl Madrid_Real Madrid
2025-12-29 18:00;Normal;Chelsea;Argentina;France;Man Utd;PSG;Atl Madrid;Chelsea_Man Utd;Argentina_Man Utd;France_Man Utd;Chelsea_PSG;Argentina_PSG;France_PSG;Chelsea_Atl Madrid;Argentina_Atl Madrid;France_Atl Madrid
2025-12-29 18:00;Hard;Inter;Ghana;Denmark;Tottenham;Juventus;Real Madrid;Inter_Tottenham;Ghana_Tottenham;Denmark_Tottenham;Inter_Juventus;Ghana_Juventus;Denmark_Juventus;Inter_Real Madrid;Ghana_Real Madrid;Denmark_Real Madrid
2025-12-29 18:00;Legend;Porto;Shakhtar;Switzerland;Chelsea;Leicester;Benfica;Porto_Chelsea;Shakhtar_Chelsea;Switzerland_Chelsea;Porto_Leicester;Shakhtar_Leicester;Switzerland_Leicester;Porto_Benfica;Shakhtar_Benfica;Switzerland_Benfica
2025-12-30 01:25;Easy;Chelsea;Atl Madrid;Juventus;Liverpool;Real Madrid;AC Milan;Chelsea_Liverpool;Atl Madrid_Liverpool;Juventus_Liverpool;Chelsea_Real Madrid;Atl Madrid_Real Madrid;Juventus_Real Madrid;Chelsea_AC Milan;Atl Madrid_AC Milan;Juventus_AC Milan
2025-12-30 01:25;Normal;Juventus;Italy;Croatia;Chelsea;Real Madrid;Inter;Juventus_Chelsea;Italy_Chelsea;Croatia_Chelsea;Juventus_Real Madrid;Italy_Real Madrid;Croatia_Real Madrid;Juventus_Inter;Italy_Inter;Croatia_Inter
2025-12-30 01:25;Hard;Portugal;Czechia;Morocco;Chelsea;Atl Madrid;Juventus;Portugal_Chelsea;Czechia_Chelsea;Morocco_Chelsea;Portugal_Atl Madrid;Czechia_Atl Madrid;Morocco_Atl Madrid;Portugal_Juventus;Czechia_Juventus;Morocco_Juventus
2025-12-30 01:25;Legend;Nigeria;Norway;Real Betis;Man Utd;Villarreal;Sevilla;Nigeria_Man Utd;Norway_Man Utd;Real Betis_Man Utd;Nigeria_Villarreal;Norway_Villarreal;Real Betis_Villarreal;Nigeria_Sevilla;Norway_Sevilla;Real Betis_Sevilla
2025-12-31 17:23;Easy;Inter;Barcelona;AC Milan;Atl Madrid;Liverpool;Juventus;Inter_Atl Madrid;Barcelona_Atl Madrid;AC Milan_Atl Madrid;Inter_Liverpool;Barcelona_Liverpool;AC Milan_Liverpool;Inter_Juventus;Barcelona_Juventus;AC Milan_Juventus
2025-12-31 17:23;Normal;Spain;PSG;England;Atl Madrid;Chelsea;AC Milan;Spain_Atl Madrid;PSG_Atl Madrid;England_Atl Madrid;Spain_Chelsea;PSG_Chelsea;England_Chelsea;Spain_AC Milan;PSG_AC Milan;England_AC Milan
2025-12-31 17:23;Hard;Turkiye;Croatia;Uruguay;AC Milan;Atl Madrid;Juventus;Turkiye_AC Milan;Croatia_AC Milan;Uruguay_AC Milan;Turkiye_Atl Madrid;Croatia_Atl Madrid;Uruguay_Atl Madrid;Turkiye_Juventus;Croatia_Juventus;Uruguay_Juventus
2025-12-31 17:23;Legend;Morocco;Brighton;Sevilla;Roma;AC Milan;West Ham;Morocco_Roma;Brighton_Roma;Sevilla_Roma;Morocco_AC Milan;Brighton_AC Milan;Sevilla_AC Milan;Morocco_West Ham;Brighton_West Ham;Sevilla_West Ham
2026-01-01 14:06;Easy;Tottenham;Man Utd;PSG;Liverpool;Man City;Juventus;Tottenham_Liverpool;Man Utd_Liverpool;PSG_Liverpool;Tottenham_Man City;Man Utd_Man City;PSG_Man City;Tottenham_Juventus;Man Utd_Juventus;PSG_Juventus
2026-01-01 14:06;Normal;Real Madrid;Liverpool;Argentina;Tottenham;Man City;PSG;Real Madrid_Tottenham;Liverpool_Tottenham;Argentina_Tottenham;Real Madrid_Man City;Liverpool_Man City;Argentina_Man City;Real Madrid_PSG;Liverpool_PSG;Argentina_PSG
2026-01-01 14:06;Hard;PSG;Atl Madrid;Ghana;Chelsea;Tottenham;Juventus;PSG_Chelsea;Atl Madrid_Chelsea;Ghana_Chelsea;PSG_Tottenham;Atl Madrid_Tottenham;Ghana_Tottenham;PSG_Juventus;Atl Madrid_Juventus;Ghana_Juventus
2026-01-01 14:06;Legend;Brazil;Monaco;Shakhtar;Inter;Chelsea;Leicester;Brazil_Inter;Monaco_Inter;Shakhtar_Inter;Brazil_Chelsea;Monaco_Chelsea;Shakhtar_Chelsea;Brazil_Leicester;Monaco_Leicester;Shakhtar_Leicester
2026-01-02 20:14;Easy;Arsenal;AC Milan;Real Madrid;Man City;Juventus;Barcelona;Arsenal_Man City;AC Milan_Man City;Real Madrid_Man City;Arsenal_Juventus;AC Milan_Juventus;Real Madrid_Juventus;Arsenal_Barcelona;AC Milan_Barcelona;Real Madrid_Barcelona
2026-01-02 20:14;Normal;Arsenal;England;Italy;Man City;AC Milan;Real Madrid;Arsenal_Man City;England_Man City;Italy_Man City;Arsenal_AC Milan;England_AC Milan;Italy_AC Milan;Arsenal_Real Madrid;England_Real Madrid;Italy_Real Madrid
2026-01-02 20:14;Hard;Man City;Colombia;Austria;Arsenal;Juventus;Real Madrid;Man City_Arsenal;Colombia_Arsenal;Austria_Arsenal;Man City_Juventus;Colombia_Juventus;Austria_Juventus;Man City_Real Madrid;Colombia_Real Madrid;Austria_Real Madrid
2026-01-02 20:14;Legend;Man Utd;Fenerbahce;Denmark;Man City;Sevilla;Villarreal;Man Utd_Man City;Fenerbahce_Man City;Denmark_Man City;Man Utd_Sevilla;Fenerbahce_Sevilla;Denmark_Sevilla;Man Utd_Villarreal;Fenerbahce_Villarreal;Denmark_Villarreal
2026-01-03 18:31;Easy;Chelsea;Liverpool;Atl Madrid;Tottenham;Barcelona;Inter;Chelsea_Tottenham;Liverpool_Tottenham;Atl Madrid_Tottenham;Chelsea_Barcelona;Liverpool_Barcelona;Atl Madrid_Barcelona;Chelsea_Inter;Liverpool_Inter;Atl Madrid_Inter
2026-01-03 18:31;Normal;AC Milan;Atl Madrid;France;Liverpool;Tottenham;Real Madrid;AC Milan_Liverpool;Atl Madrid_Liverpool;France_Liverpool;AC Milan_Tottenham;Atl Madrid_Tottenham;France_Tottenham;AC Milan_Real Madrid;Atl Madrid_Real Madrid;France_Real Madrid
2026-01-03 18:31;Hard;Netherlands;Brazil;Denmark;Liverpool;Tottenham;Atl Madrid;Netherlands_Liverpool;Brazil_Liverpool;Denmark_Liverpool;Netherlands_Tottenham;Brazil_Tottenham;Denmark_Tottenham;Netherlands_Atl Madrid;Brazil_Atl Madrid;Denmark_Atl Madrid
2026-01-03 18:31;Legend;Napoli;Spain;Ukraine;PSG;AC Milan;West Ham;Napoli_PSG;Spain_PSG;Ukraine_PSG;Napoli_AC Milan;Spain_AC Milan;Ukraine_AC Milan;Napoli_West Ham;Spain_West Ham;Ukraine_West Ham
2026-01-04 22:37;Easy;Tottenham;Liverpool;Chelsea;Man Utd;Barcelona;Real Madrid;Tottenham_Man Utd;Liverpool_Man Utd;Chelsea_Man Utd;Tottenham_Barcelona;Liverpool_Barcelona;Chelsea_Barcelona;Tottenham_Real Madrid;Liverpool_Real Madrid;Chelsea_Real Madrid
2026-01-04 22:37;Normal;Barcelona;Real Madrid;AC Milan;Chelsea;Atl Madrid;PSG;Barcelona_Chelsea;Real Madrid_Chelsea;AC Milan_Chelsea;Barcelona_Atl Madrid;Real Madrid_Atl Madrid;AC Milan_Atl Madrid;Barcelona_PSG;Real Madrid_PSG;AC Milan_PSG
2026-01-04 22:37;Hard;AC Milan;PSG;Netherlands;Man Utd;Tottenham;Chelsea;AC Milan_Man Utd;PSG_Man Utd;Netherlands_Man Utd;AC Milan_Tottenham;PSG_Tottenham;Netherlands_Tottenham;AC Milan_Chelsea;PSG_Chelsea;Netherlands_Chelsea
2026-01-04 22:37;Legend;Benfica;Brazil;England;Barcelona;Real Madrid;Juventus;Benfica_Barcelona;Brazil_Barcelona;England_Barcelona;Benfica_Real Madrid;Brazil_Real Madrid;England_Real Madrid;Benfica_Juventus;Brazil_Juventus;England_Juventus
2026-01-05 15:55;Easy;AC Milan;Chelsea;Man Utd;Juventus;Barcelona;Tottenham;AC Milan_Juventus;Chelsea_Juventus;Man Utd_Juventus;AC Milan_Barcelona;Chelsea_Barcelona;Man Utd_Barcelona;AC Milan_Tottenham;Chelsea_Tottenham;Man Utd_Tottenham
2026-01-05 15:55;Normal;England;PSG;Barcelona;AC Milan;Liverpool;Man Utd;England_AC Milan;PSG_AC Milan;Barcelona_AC Milan;England_Liverpool;PSG_Liverpool;Barcelona_Liverpool;England_Man Utd;PSG_Man Utd;Barcelona_Man Utd
2026-01-05 15:55;Hard;Ivory Coast;Belgium;AC Milan;Barcelona;Tottenham;Man City;Ivory Coast_Barcelona;Belgium_Barcelona;AC Milan_Barcelona;Ivory Coast_Tottenham;Belgium_Tottenham;AC Milan_Tottenham;Ivory Coast_Man City;Belgium_Man City;AC Milan_Man City
2026-01-05 15:55;Legend;Lille;Aston Villa;Roma;Leicester;Netherlands;Inter;Lille_Leicester;Aston Villa_Leicester;Roma_Leicester;Lille_Netherlands;Aston Villa_Netherlands;Roma_Netherlands;Lille_Inter;Aston Villa_Inter;Roma_Inter
2026-01-06 18:24;Easy;Atl Madrid;AC Milan;Man Utd;Real Madrid;Inter;Tottenham;Atl Madrid_Real Madrid;AC Milan_Real Madrid;Man Utd_Real Madrid;Atl Madrid_Inter;AC Milan_Inter;Man Utd_Inter;Atl Madrid_Tottenham;AC Milan_Tottenham;Man Utd_Tottenham
2026-01-06 18:24;Normal;France;Belgium;Barcelona;Atl Madrid;AC Milan;Man Utd;France_Atl Madrid;Belgium_Atl Madrid;Barcelona_Atl Madrid;France_AC Milan;Belgium_AC Milan;Barcelona_AC Milan;France_Man Utd;Belgium_Man Utd;Barcelona_Man Utd
2026-01-06 18:24;Hard;Norway;USA;AC Milan;Chelsea;Atl Madrid;Arsenal;Norway_Chelsea;USA_Chelsea;AC Milan_Chelsea;Norway_Atl Madrid;USA_Atl Madrid;AC Milan_Atl Madrid;Norway_Arsenal;USA_Arsenal;AC Milan_Arsenal
2026-01-06 18:24;Legend;Switzerland;Scotland;Roma;Napoli;Aston Villa;Man City;Switzerland_Napoli;Scotland_Napoli;Roma_Napoli;Switzerland_Aston Villa;Scotland_Aston Villa;Roma_Aston Villa;Switzerland_Man City;Scotland_Man City;Roma_Man City
2026-01-07 15:23;Easy;Man City;Real Madrid;Tottenham;Arsenal;Atl Madrid;Liverpool;Man City_Arsenal;Real Madrid_Arsenal;Tottenham_Arsenal;Man City_Atl Madrid;Real Madrid_Atl Madrid;Tottenham_Atl Madrid;Man City_Liverpool;Real Madrid_Liverpool;Tottenham_Liverpool
2026-01-07 15:23;Normal;Man Utd;Brazil;Barcelona;Arsenal;Atl Madrid;Liverpool;Man Utd_Arsenal;Brazil_Arsenal;Barcelona_Arsenal;Man Utd_Atl Madrid;Brazil_Atl Madrid;Barcelona_Atl Madrid;Man Utd_Liverpool;Brazil_Liverpool;Barcelona_Liverpool
2026-01-07 15:23;Hard;Tottenham;Algeria;Juventus;Arsenal;AC Milan;Man City;Tottenham_Arsenal;Algeria_Arsenal;Juventus_Arsenal;Tottenham_AC Milan;Algeria_AC Milan;Juventus_AC Milan;Tottenham_Man City;Algeria_Man City;Juventus_Man City
2026-01-07 15:23;Legend;Chelsea;Valencia;Roma;Tottenham;Villarreal;Monaco;Chelsea_Tottenham;Valencia_Tottenham;Roma_Tottenham;Chelsea_Villarreal;Valencia_Villarreal;Roma_Villarreal;Chelsea_Monaco;Valencia_Monaco;Roma_Monaco
2026-01-08 23:17;Easy;PSG;Barcelona;Tottenham;Juventus;Real Madrid;Man Utd;PSG_Juventus;Barcelona_Juventus;Tottenham_Juventus;PSG_Real Madrid;Barcelona_Real Madrid;Tottenham_Real Madrid;PSG_Man Utd;Barcelona_Man Utd;Tottenham_Man Utd
2026-01-08 23:17;Normal;Uruguay;Brazil;Real Madrid;PSG;Barcelona;Tottenham;Uruguay_PSG;Brazil_PSG;Real Madrid_PSG;Uruguay_Barcelona;Brazil_Barcelona;Real Madrid_Barcelona;Uruguay_Tottenham;Brazil_Tottenham;Real Madrid_Tottenham
2026-01-08 23:17;Hard;Mexico;Italy;Croatia;AC Milan;Barcelona;Tottenham;Mexico_AC Milan;Italy_AC Milan;Croatia_AC Milan;Mexico_Barcelona;Italy_Barcelona;Croatia_Barcelona;Mexico_Tottenham;Italy_Tottenham;Croatia_Tottenham
2026-01-08 23:17;Legend;Crystal Palace;Austria;Brazil;Leicester;Inter;Newcastle;Crystal Palace_Leicester;Austria_Leicester;Brazil_Leicester;Crystal Palace_Inter;Austria_Inter;Brazil_Inter;Crystal Palace_Newcastle;Austria_Newcastle;Brazil_Newcastle
2026-01-10 22:37;Easy;Man Utd;Inter;Man City;Liverpool;AC Milan;Tottenham;Man Utd_Liverpool;Inter_Liverpool;Man City_Liverpool;Man Utd_AC Milan;Inter_AC Milan;Man City_AC Milan;Man Utd_Tottenham;Inter_Tottenham;Man City_Tottenham
2026-01-10 22:37;Normal;Chelsea;Portugal;Tottenham;Man Utd;Inter;Man City;Chelsea_Man Utd;Portugal_Man Utd;Tottenham_Man Utd;Chelsea_Inter;Portugal_Inter;Tottenham_Inter;Chelsea_Man City;Portugal_Man City;Tottenham_Man City
2026-01-10 22:37;Hard;Inter;Ukraine;Barcelona;Man City;AC Milan;Arsenal;Inter_Man City;Ukraine_Man City;Barcelona_Man City;Inter_AC Milan;Ukraine_AC Milan;Barcelona_AC Milan;Inter_Arsenal;Ukraine_Arsenal;Barcelona_Arsenal
2026-01-10 22:37;Legend;Boca Juniors;Uruguay;Juventus;Chelsea;Napoli;Liverpool;Boca Juniors_Chelsea;Uruguay_Chelsea;Juventus_Chelsea;Boca Juniors_Napoli;Uruguay_Napoli;Juventus_Napoli;Boca Juniors_Liverpool;Uruguay_Liverpool;Juventus_Liverpool
2026-01-11 22:38;Easy;Juventus;Arsenal;Liverpool;AC Milan;Man City;Chelsea;Juventus_AC Milan;Arsenal_AC Milan;Liverpool_AC Milan;Juventus_Man City;Arsenal_Man City;Liverpool_Man City;Juventus_Chelsea;Arsenal_Chelsea;Liverpool_Chelsea
2026-01-11 22:38;Normal;Croatia;Man City;Atl Madrid;AC Milan;Arsenal;Chelsea;Croatia_AC Milan;Man City_AC Milan;Atl Madrid_AC Milan;Croatia_Arsenal;Man City_Arsenal;Atl Madrid_Arsenal;Croatia_Chelsea;Man City_Chelsea;Atl Madrid_Chelsea
2026-01-11 22:38;Hard;Morocco;Man City;Brazil;Juventus;Man Utd;Real Madrid;Morocco_Juventus;Man City_Juventus;Brazil_Juventus;Morocco_Man Utd;Man City_Man Utd;Brazil_Man Utd;Morocco_Real Madrid;Man City_Real Madrid;Brazil_Real Madrid
2026-01-11 22:38;Legend;Real Betis;Newcastle;France;Lille;Arsenal;Inter;Real Betis_Lille;Newcastle_Lille;France_Lille;Real Betis_Arsenal;Newcastle_Arsenal;France_Arsenal;Real Betis_Inter;Newcastle_Inter;France_Inter2026-01-12 13:49;Easy;Juventus;Chelsea;Man City;AC Milan;Barcelona;Arsenal;Juventus_AC Milan;Chelsea_AC Milan;Man City_AC Milan;Juventus_Barcelona;Chelsea_Barcelona;Man City_Barcelona;Juventus_Arsenal;Chelsea_Arsenal;Man City_Arsenal
2026-01-12 13:49;Normal;Croatia;Juventus;Man Utd;Inter;Chelsea;Arsenal;Croatia_Inter;Juventus_Inter;Man Utd_Inter;Croatia_Chelsea;Juventus_Chelsea;Man Utd_Chelsea;Croatia_Arsenal;Juventus_Arsenal;Man Utd_Arsenal
2026-01-12 13:49;Hard;Morocco;Spain;Liverpool;Juventus;Real Madrid;Man City;Morocco_Juventus;Spain_Juventus;Liverpool_Juventus;Morocco_Real Madrid;Spain_Real Madrid;Liverpool_Real Madrid;Morocco_Man City;Spain_Man City;Liverpool_Man City
2026-01-12 13:49;Legend;PSV;Lyon;Barcelona;Leicester;Roma;Newcastle;PSV_Leicester;Lyon_Leicester;Barcelona_Leicester;PSV_Roma;Lyon_Roma;Barcelona_Roma;PSV_Newcastle;Lyon_Newcastle;Barcelona_Newcastle
2026-01-13 23:26;Easy;Juventus;Liverpool;AC Milan;PSG;Tottenham;Atl Madrid;Juventus_PSG;Liverpool_PSG;AC Milan_PSG;Juventus_Tottenham;Liverpool_Tottenham;AC Milan_Tottenham;Juventus_Atl Madrid;Liverpool_Atl Madrid;AC Milan_Atl Madrid
2026-01-13 23:26;Normal;Switzerland;Inter;Belgium;Juventus;Man City;AC Milan;Switzerland_Juventus;Inter_Juventus;Belgium_Juventus;Switzerland_Man City;Inter_Man City;Belgium_Man City;Switzerland_AC Milan;Inter_AC Milan;Belgium_AC Milan
2026-01-13 23:26;Hard;Japan;Italy;Uruguay;AC Milan;Man Utd;Real Madrid;Japan_AC Milan;Italy_AC Milan;Uruguay_AC Milan;Japan_Man Utd;Italy_Man Utd;Uruguay_Man Utd;Japan_Real Madrid;Italy_Real Madrid;Uruguay_Real Madrid
2026-01-13 23:26;Legend;Celtic;Belgium;Sevilla;Crystal Palace;Real Madrid;Leicester;Celtic_Crystal Palace;Belgium_Crystal Palace;Sevilla_Crystal Palace;Celtic_Real Madrid;Belgium_Real Madrid;Sevilla_Real Madrid;Celtic_Leicester;Belgium_Leicester;Sevilla_Leicester
2026-01-15 13:15;Easy;Chelsea;Real Madrid;Man Utd;Barcelona;Atl Madrid;Man City;Chelsea_Barcelona;Real Madrid_Barcelona;Man Utd_Barcelona;Chelsea_Atl Madrid;Real Madrid_Atl Madrid;Man Utd_Atl Madrid;Chelsea_Man City;Real Madrid_Man City;Man Utd_Man City
2026-01-15 13:15;Normal;Juventus;Brazil;Chelsea;Liverpool;Real Madrid;Man Utd;Juventus_Liverpool;Brazil_Liverpool;Chelsea_Liverpool;Juventus_Real Madrid;Brazil_Real Madrid;Chelsea_Real Madrid;Juventus_Man Utd;Brazil_Man Utd;Chelsea_Man Utd
2026-01-15 13:15;Hard;Mexico;Italy;Croatia;Barcelona;Real Madrid;Arsenal;Mexico_Barcelona;Italy_Barcelona;Croatia_Barcelona;Mexico_Real Madrid;Italy_Real Madrid;Croatia_Real Madrid;Mexico_Arsenal;Italy_Arsenal;Croatia_Arsenal
2026-01-15 13:15;Legend;Algeria;Austria;Ajax;Newcastle;West Ham;Arsenal;Algeria_Newcastle;Austria_Newcastle;Ajax_Newcastle;Algeria_West Ham;Austria_West Ham;Ajax_West Ham;Algeria_Arsenal;Austria_Arsenal;Ajax_Arsenal
2026-01-16 11:48;Easy;Real Madrid;Arsenal;Man Utd;Atl Madrid;Man City;Tottenham;Real Madrid_Atl Madrid;Arsenal_Atl Madrid;Man Utd_Atl Madrid;Real Madrid_Man City;Arsenal_Man City;Man Utd_Man City;Real Madrid_Tottenham;Arsenal_Tottenham;Man Utd_Tottenham
2026-01-16 11:48;Normal;Brazil;Arsenal;Tottenham;Atl Madrid;Man City;Man Utd;Brazil_Atl Madrid;Arsenal_Atl Madrid;Tottenham_Atl Madrid;Brazil_Man City;Arsenal_Man City;Tottenham_Man City;Brazil_Man Utd;Arsenal_Man Utd;Tottenham_Man Utd
2026-01-16 11:48;Hard;Austria;Arsenal;Chelsea;Real Madrid;Man Utd;Tottenham;Austria_Real Madrid;Arsenal_Real Madrid;Chelsea_Real Madrid;Austria_Man Utd;Arsenal_Man Utd;Chelsea_Man Utd;Austria_Tottenham;Arsenal_Tottenham;Chelsea_Tottenham
2026-01-16 11:48;Legend;Czechia;Arsenal;Atl Madrid;Roma;Man Utd;Liverpool;Czechia_Roma;Arsenal_Roma;Atl Madrid_Roma;Czechia_Man Utd;Arsenal_Man Utd;Atl Madrid_Man Utd;Czechia_Liverpool;Arsenal_Liverpool;Atl Madrid_Liverpool
2026-01-17 18:43;Easy;Man City;Tottenham;Inter;Arsenal;Liverpool;AC Milan;Man City_Arsenal;Tottenham_Arsenal;Inter_Arsenal;Man City_Liverpool;Tottenham_Liverpool;Inter_Liverpool;Man City_AC Milan;Tottenham_AC Milan;Inter_AC Milan
2026-01-17 18:43;Normal;Man Utd;Barcelona;Spain;Arsenal;Liverpool;AC Milan;Man Utd_Arsenal;Barcelona_Arsenal;Spain_Arsenal;Man Utd_Liverpool;Barcelona_Liverpool;Spain_Liverpool;Man Utd_AC Milan;Barcelona_AC Milan;Spain_AC Milan
2026-01-17 18:43;Hard;Tottenham;AC Milan;Turkiye;Man Utd;Barcelona;Inter;Tottenham_Man Utd;AC Milan_Man Utd;Turkiye_Man Utd;Tottenham_Barcelona;AC Milan_Barcelona;Turkiye_Barcelona;Tottenham_Inter;AC Milan_Inter;Turkiye_Inter
2026-01-17 18:43;Legend;Chelsea;Benfica;Morocco;Man Utd;Atl Madrid;Marseille;Chelsea_Man Utd;Benfica_Man Utd;Morocco_Man Utd;Chelsea_Atl Madrid;Benfica_Atl Madrid;Morocco_Atl Madrid;Chelsea_Marseille;Benfica_Marseille;Morocco_Marseille
2026-01-18 12:24;Easy;Juventus;Man Utd;Tottenham;AC Milan;Man City;Liverpool;Juventus_AC Milan;Man Utd_AC Milan;Tottenham_AC Milan;Juventus_Man City;Man Utd_Man City;Tottenham_Man City;Juventus_Liverpool;Man Utd_Liverpool;Tottenham_Liverpool
2026-01-18 12:24;Normal;Croatia;Chelsea;Barcelona;AC Milan;Man City;Tottenham;Croatia_AC Milan;Chelsea_AC Milan;Barcelona_AC Milan;Croatia_Man City;Chelsea_Man City;Barcelona_Man City;Croatia_Tottenham;Chelsea_Tottenham;Barcelona_Tottenham
2026-01-18 12:24;Hard;Ivory Coast;Atl Madrid;Juventus;AC Milan;Man City;Man Utd;Ivory Coast_AC Milan;Atl Madrid_AC Milan;Juventus_AC Milan;Ivory Coast_Man City;Atl Madrid_Man City;Juventus_Man City;Ivory Coast_Man Utd;Atl Madrid_Man Utd;Juventus_Man Utd
2026-01-18 12:24;Legend;Lille;Boca Juniors;Ajax;Sevilla;Chelsea;Real Madrid;Lille_Sevilla;Boca Juniors_Sevilla;Ajax_Sevilla;Lille_Chelsea;Boca Juniors_Chelsea;Ajax_Chelsea;Lille_Real Madrid;Boca Juniors_Real Madrid;Ajax_Real Madrid
2026-01-19 14:53;Easy;Chelsea;Barcelona;Arsenal;Real Madrid;Atl Madrid;Man City;Chelsea_Real Madrid;Barcelona_Real Madrid;Arsenal_Real Madrid;Chelsea_Atl Madrid;Barcelona_Atl Madrid;Arsenal_Atl Madrid;Chelsea_Man City;Barcelona_Man City;Arsenal_Man City
2026-01-19 14:53;Normal;AC Milan;PSG;Arsenal;Inter;Germany;Man City;AC Milan_Inter;PSG_Inter;Arsenal_Inter;AC Milan_Germany;PSG_Germany;Arsenal_Germany;AC Milan_Man City;PSG_Man City;Arsenal_Man City
2026-01-19 14:53;Hard;Portugal;England;Man City;Chelsea;Real Madrid;Arsenal;Portugal_Chelsea;England_Chelsea;Man City_Chelsea;Portugal_Real Madrid;England_Real Madrid;Man City_Real Madrid;Portugal_Arsenal;England_Arsenal;Man City_Arsenal
2026-01-19 14:53;Legend;Villarreal;Aston Villa;Man Utd;Brazil;Netherlands;Man City;Villarreal_Brazil;Aston Villa_Brazil;Man Utd_Brazil;Villarreal_Netherlands;Aston Villa_Netherlands;Man Utd_Netherlands;Villarreal_Man City;Aston Villa_Man City;Man Utd_Man City
2026-01-20 23:15;Easy;Juventus;Inter;Real Madrid;AC Milan;Atl Madrid;Chelsea;Juventus_AC Milan;Inter_AC Milan;Real Madrid_AC Milan;Juventus_Atl Madrid;Inter_Atl Madrid;Real Madrid_Atl Madrid;Juventus_Chelsea;Inter_Chelsea;Real Madrid_Chelsea
2026-01-20 23:15;Normal;Croatia;Spain;Italy;AC Milan;Atl Madrid;Barcelona;Croatia_AC Milan;Spain_AC Milan;Italy_AC Milan;Croatia_Atl Madrid;Spain_Atl Madrid;Italy_Atl Madrid;Croatia_Barcelona;Spain_Barcelona;Italy_Barcelona
2026-01-20 23:15;Hard;Morocco;USA;Czechia;Juventus;Atl Madrid;Chelsea;Morocco_Juventus;USA_Juventus;Czechia_Juventus;Morocco_Atl Madrid;USA_Atl Madrid;Czechia_Atl Madrid;Morocco_Chelsea;USA_Chelsea;Czechia_Chelsea
2026-01-20 23:15;Legend;Real Betis;Sporting Lisbon;Ukraine;Valencia;Marseille;PSG;Real Betis_Valencia;Sporting Lisbon_Valencia;Ukraine_Valencia;Real Betis_Marseille;Sporting Lisbon_Marseille;Ukraine_Marseille;Real Betis_PSG;Sporting Lisbon_PSG;Ukraine_PSG
2026-01-21 13:32;Easy;AC Milan;Chelsea;Inter;Juventus;Tottenham;Atl Madrid;AC Milan_Juventus;Chelsea_Juventus;Inter_Juventus;AC Milan_Tottenham;Chelsea_Tottenham;Inter_Tottenham;AC Milan_Atl Madrid;Chelsea_Atl Madrid;Inter_Atl Madrid
2026-01-21 13:32;Normal;England;AC Milan;Belgium;Inter;Liverpool;Juventus;England_Inter;AC Milan_Inter;Belgium_Inter;England_Liverpool;AC Milan_Liverpool;Belgium_Liverpool;England_Juventus;AC Milan_Juventus;Belgium_Juventus
2026-01-21 13:32;Hard;Uruguay;Portugal;USA;Juventus;Liverpool;AC Milan;Uruguay_Juventus;Portugal_Juventus;USA_Juventus;Uruguay_Liverpool;Portugal_Liverpool;USA_Liverpool;Uruguay_AC Milan;Portugal_AC Milan;USA_AC Milan
2026-01-21 13:32;Legend;Sevilla;Villarreal;Galatasaray;Sporting Lisbon;Brazil;Mexico;Sevilla_Sporting Lisbon;Villarreal_Sporting Lisbon;Galatasaray_Sporting Lisbon;Sevilla_Brazil;Villarreal_Brazil;Galatasaray_Brazil;Sevilla_Mexico;Villarreal_Mexico;Galatasaray_Mexico
2026-01-22 13:54;Easy;AC Milan;Barcelona;Arsenal;Juventus;Chelsea;Man City;AC Milan_Juventus;Barcelona_Juventus;Arsenal_Juventus;AC Milan_Chelsea;Barcelona_Chelsea;Arsenal_Chelsea;AC Milan_Man City;Barcelona_Man City;Arsenal_Man City
2026-01-22 13:54;Normal;England;PSG;Arsenal;AC Milan;Barcelona;Man City;England_AC Milan;PSG_AC Milan;Arsenal_AC Milan;England_Barcelona;PSG_Barcelona;Arsenal_Barcelona;England_Man City;PSG_Man City;Arsenal_Man City
2026-01-22 13:54;Hard;Colombia;Croatia;Man City;AC Milan;Barcelona;Arsenal;Colombia_AC Milan;Croatia_AC Milan;Man City_AC Milan;Colombia_Barcelona;Croatia_Barcelona;Man City_Barcelona;Colombia_Arsenal;Croatia_Arsenal;Man City_Arsenal
2026-01-22 13:54;Legend;Leicester;Brighton;Man Utd;Lille;England;Man City;Leicester_Lille;Brighton_Lille;Man Utd_Lille;Leicester_England;Brighton_England;Man Utd_England;Leicester_Man City;Brighton_Man City;Man Utd_Man City
2026-01-23 20:10;Easy;Liverpool;Juventus;Real Madrid;Tottenham;PSG;Atl Madrid;Liverpool_Tottenham;Juventus_Tottenham;Real Madrid_Tottenham;Liverpool_PSG;Juventus_PSG;Real Madrid_PSG;Liverpool_Atl Madrid;Juventus_Atl Madrid;Real Madrid_Atl Madrid
2026-01-23 20:10;Normal;Inter;Switzerland;France;Liverpool;Juventus;Chelsea;Inter_Liverpool;Switzerland_Liverpool;France_Liverpool;Inter_Juventus;Switzerland_Juventus;France_Juventus;Inter_Chelsea;Switzerland_Chelsea;France_Chelsea
2026-01-23 20:10;Hard;France;Japan;Denmark;Tottenham;AC Milan;Liverpool;France_Tottenham;Japan_Tottenham;Denmark_Tottenham;France_AC Milan;Japan_AC Milan;Denmark_AC Milan;France_Liverpool;Japan_Liverpool;Denmark_Liverpool
2026-01-23 20:10;Legend;Belgium;Celtic;Ukraine;Chelsea;Everton;AC Milan;Belgium_Chelsea;Celtic_Chelsea;Ukraine_Chelsea;Belgium_Everton;Celtic_Everton;Ukraine_Everton;Belgium_AC Milan;Celtic_AC Milan;Ukraine_AC Milan
2026-01-24 20:52;Easy;Arsenal;Chelsea;PSG;Man City;Barcelona;Juventus;Arsenal_Man City;Chelsea_Man City;PSG_Man City;Arsenal_Barcelona;Chelsea_Barcelona;PSG_Barcelona;Arsenal_Juventus;Chelsea_Juventus;PSG_Juventus
2026-01-24 20:52;Normal;Man City;AC Milan;Argentina;Arsenal;Chelsea;PSG;Man City_Arsenal;AC Milan_Arsenal;Argentina_Arsenal;Man City_Chelsea;AC Milan_Chelsea;Argentina_Chelsea;Man City_PSG;AC Milan_PSG;Argentina_PSG
2026-01-24 20:52;Hard;Man City;France;Ghana;Arsenal;Barcelona;Juventus;Man City_Arsenal;France_Arsenal;Ghana_Arsenal;Man City_Barcelona;France_Barcelona;Ghana_Barcelona;Man City_Juventus;France_Juventus;Ghana_Juventus
2026-01-24 20:52;Legend;Newcastle;England;Shakhtar;Arsenal;Inter;Leicester;Newcastle_Arsenal;England_Arsenal;Shakhtar_Arsenal;Newcastle_Inter;England_Inter;Shakhtar_Inter;Newcastle_Leicester;England_Leicester;Shakhtar_Leicester
2026-01-25 23:29;Easy;Chelsea;Inter;Atl Madrid;Tottenham;AC Milan;Real Madrid;Chelsea_Tottenham;Inter_Tottenham;Atl Madrid_Tottenham;Chelsea_AC Milan;Inter_AC Milan;Atl Madrid_AC Milan;Chelsea_Real Madrid;Inter_Real Madrid;Atl Madrid_Real Madrid
2026-01-25 23:29;Normal;AC Milan;Portugal;Spain;Liverpool;Atl Madrid;Inter;AC Milan_Liverpool;Portugal_Liverpool;Spain_Liverpool;AC Milan_Atl Madrid;Portugal_Atl Madrid;Spain_Atl Madrid;AC Milan_Inter;Portugal_Inter;Spain_Inter
2026-01-25 23:29;Hard;Netherlands;Switzerland;Turkiye;Inter;Juventus;AC Milan;Netherlands_Inter;Switzerland_Inter;Turkiye_Inter;Netherlands_Juventus;Switzerland_Juventus;Turkiye_Juventus;Netherlands_AC Milan;Switzerland_AC Milan;Turkiye_AC Milan
2026-01-25 23:29;Legend;Croatia;Colombia;Morocco;AC Milan;Roma;Ajax;Croatia_AC Milan;Colombia_AC Milan;Morocco_AC Milan;Croatia_Roma;Colombia_Roma;Morocco_Roma;Croatia_Ajax;Colombia_Ajax;Morocco_Ajax
2026-01-26 23:21;Easy;Juventus;Tottenham;Arsenal;AC Milan;Liverpool;Man City;Juventus_AC Milan;Tottenham_AC Milan;Arsenal_AC Milan;Juventus_Liverpool;Tottenham_Liverpool;Arsenal_Liverpool;Juventus_Man City;Tottenham_Man City;Arsenal_Man City
2026-01-26 23:21;Normal;Switzerland;Real Madrid;Arsenal;Juventus;Liverpool;Man City;Switzerland_Juventus;Real Madrid_Juventus;Arsenal_Juventus;Switzerland_Liverpool;Real Madrid_Liverpool;Arsenal_Liverpool;Switzerland_Man City;Real Madrid_Man City;Arsenal_Man City
2026-01-26 23:21;Hard;Mexico;PSG;Arsenal;AC Milan;Tottenham;Man Utd;Mexico_AC Milan;PSG_AC Milan;Arsenal_AC Milan;Mexico_Tottenham;PSG_Tottenham;Arsenal_Tottenham;Mexico_Man Utd;PSG_Man Utd;Arsenal_Man Utd
2026-01-26 23:21;Legend;Lazio;Italy;Man City;Real Betis;Inter;Arsenal;Lazio_Real Betis;Italy_Real Betis;Man City_Real Betis;Lazio_Inter;Italy_Inter;Man City_Inter;Lazio_Arsenal;Italy_Arsenal;Man City_Arsenal
2026-01-27 21:32;Easy;Man Utd;Atl Madrid;Liverpool;Tottenham;Inter;Chelsea;Man Utd_Tottenham;Atl Madrid_Tottenham;Liverpool_Tottenham;Man Utd_Inter;Atl Madrid_Inter;Liverpool_Inter;Man Utd_Chelsea;Atl Madrid_Chelsea;Liverpool_Chelsea
2026-01-27 21:32;Normal;Chelsea;France;Atl Madrid;Man Utd;Inter;Tottenham;Chelsea_Man Utd;France_Man Utd;Atl Madrid_Man Utd;Chelsea_Inter;France_Inter;Atl Madrid_Inter;Chelsea_Tottenham;France_Tottenham;Atl Madrid_Tottenham
2026-01-27 21:32;Hard;Inter;Czechia;Germany;Man Utd;Atl Madrid;Tottenham;Inter_Man Utd;Czechia_Man Utd;Germany_Man Utd;Inter_Atl Madrid;Czechia_Atl Madrid;Germany_Atl Madrid;Inter_Tottenham;Czechia_Tottenham;Germany_Tottenham
2026-01-27 21:32;Legend;Porto;Poland;France;Barcelona;Roma;Inter;Porto_Barcelona;Poland_Barcelona;France_Barcelona;Porto_Roma;Poland_Roma;France_Roma;Porto_Inter;Poland_Inter;France_Inter
2026-01-28 12:09;Easy;Tottenham;AC Milan;Juventus;Man Utd;Inter;Atl Madrid;Tottenham_Man Utd;AC Milan_Man Utd;Juventus_Man Utd;Tottenham_Inter;AC Milan_Inter;Juventus_Inter;Tottenham_Atl Madrid;AC Milan_Atl Madrid;Juventus_Atl Madrid
2026-01-28 12:09;Normal;Barcelona;England;Croatia;Tottenham;AC Milan;Inter;Barcelona_Tottenham;England_Tottenham;Croatia_Tottenham;Barcelona_AC Milan;England_AC Milan;Croatia_AC Milan;Barcelona_Inter;England_Inter;Croatia_Inter
2026-01-28 12:09;Hard;AC Milan;Uruguay;Ivory Coast;Man Utd;Barcelona;PSG;AC Milan_Man Utd;Uruguay_Man Utd;Ivory Coast_Man Utd;AC Milan_Barcelona;Uruguay_Barcelona;Ivory Coast_Barcelona;AC Milan_PSG;Uruguay_PSG;Ivory Coast_PSG
2026-01-28 12:09;Legend;Ajax;Sevilla;PSV;Inter;Galatasaray;Lille;Ajax_Inter;Sevilla_Inter;PSV_Inter;Ajax_Galatasaray;Sevilla_Galatasaray;PSV_Galatasaray;Ajax_Lille;Sevilla_Lille;PSV_Lille
2026-01-29 22:14;Easy;Man Utd;Inter;Barcelona;Tottenham;AC Milan;Chelsea;Man Utd_Tottenham;Inter_Tottenham;Barcelona_Tottenham;Man Utd_AC Milan;Inter_AC Milan;Barcelona_AC Milan;Man Utd_Chelsea;Inter_Chelsea;Barcelona_Chelsea
2026-01-29 22:14;Normal;Chelsea;Portugal;Juventus;Man Utd;Atl Madrid;Barcelona;Chelsea_Man Utd;Portugal_Man Utd;Juventus_Man Utd;Chelsea_Atl Madrid;Portugal_Atl Madrid;Juventus_Atl Madrid;Chelsea_Barcelona;Portugal_Barcelona;Juventus_Barcelona
2026-01-29 22:14;Hard;Atl Madrid;Ukraine;Belgium;Man City;AC Milan;Chelsea;Atl Madrid_Man City;Ukraine_Man City;Belgium_Man City;Atl Madrid_AC Milan;Ukraine_AC Milan;Belgium_AC Milan;Atl Madrid_Chelsea;Ukraine_Chelsea;Belgium_Chelsea
2026-01-29 22:14;Legend;Boca Juniors;Colombia;Lyon;Barcelona;Villarreal;PSG;Boca Juniors_Barcelona;Colombia_Barcelona;Lyon_Barcelona;Boca Juniors_Villarreal;Colombia_Villarreal;Lyon_Villarreal;Boca Juniors_PSG;Colombia_PSG;Lyon_PSG
2026-01-31 20:19;Easy;Arsenal;Man Utd;AC Milan;Man City;Liverpool;Inter;Arsenal_Man City;Man Utd_Man City;AC Milan_Man City;Arsenal_Liverpool;Man Utd_Liverpool;AC Milan_Liverpool;Arsenal_Inter;Man Utd_Inter;AC Milan_Inter
2026-01-31 20:19;Normal;Arsenal;Tottenham;Spain;Man City;Liverpool;AC Milan;Arsenal_Man City;Tottenham_Man City;Spain_Man City;Arsenal_Liverpool;Tottenham_Liverpool;Spain_Liverpool;Arsenal_AC Milan;Tottenham_AC Milan;Spain_AC Milan
2026-01-31 20:19;Hard;Man City;Chelsea;Turkiye;Man Utd;Liverpool;AC Milan;Man City_Man Utd;Chelsea_Man Utd;Turkiye_Man Utd;Man City_Liverpool;Chelsea_Liverpool;Turkiye_Liverpool;Man City_AC Milan;Chelsea_AC Milan;Turkiye_AC Milan
2026-01-31 20:19;Legend;Man Utd;Atl Madrid;Mexico;Arsenal;Real Madrid;Galatasaray;Man Utd_Arsenal;Atl Madrid_Arsenal;Mexico_Arsenal;Man Utd_Real Madrid;Atl Madrid_Real Madrid;Mexico_Real Madrid;Man Utd_Galatasaray;Atl Madrid_Galatasaray;Mexico_Galatasaray
2026-02-01 13:04;Easy;PSG;Inter;Barcelona;Juventus;Real Madrid;Liverpool;PSG_Juventus;Inter_Juventus;Barcelona_Juventus;PSG_Real Madrid;Inter_Real Madrid;Barcelona_Real Madrid;PSG_Liverpool;Inter_Liverpool;Barcelona_Liverpool
2026-02-01 13:04;Normal;Uruguay;Portugal;Germany;PSG;Inter;Barcelona;Uruguay_PSG;Portugal_PSG;Germany_PSG;Uruguay_Inter;Portugal_Inter;Germany_Inter;Uruguay_Barcelona;Portugal_Barcelona;Germany_Barcelona
2026-02-01 13:04;Hard;Argentina;Turkiye;Nigeria;AC Milan;Inter;Liverpool;Argentina_AC Milan;Turkiye_AC Milan;Nigeria_AC Milan;Argentina_Inter;Turkiye_Inter;Nigeria_Inter;Argentina_Liverpool;Turkiye_Liverpool;Nigeria_Liverpool
2026-02-01 13:04;Legend;Everton;Mexico;Austria;West Ham;Real Madrid;Tottenham;Everton_West Ham;Mexico_West Ham;Austria_West Ham;Everton_Real Madrid;Mexico_Real Madrid;Austria_Real Madrid;Everton_Tottenham;Mexico_Tottenham;Austria_Tottenham
2026-02-02 23:52;Easy;Chelsea;Inter;Man Utd;Barcelona;AC Milan;Man City;Chelsea_Barcelona;Inter_Barcelona;Man Utd_Barcelona;Chelsea_AC Milan;Inter_AC Milan;Man Utd_AC Milan;Chelsea_Man City;Inter_Man City;Man Utd_Man City
2026-02-02 23:52;Normal;AC Milan;Spain;Chelsea;Liverpool;Inter;Man Utd;AC Milan_Liverpool;Spain_Liverpool;Chelsea_Liverpool;AC Milan_Inter;Spain_Inter;Chelsea_Inter;AC Milan_Man Utd;Spain_Man Utd;Chelsea_Man Utd
2026-02-02 23:52;Hard;Portugal;Turkiye;AC Milan;Barcelona;Inter;Liverpool;Portugal_Barcelona;Turkiye_Barcelona;AC Milan_Barcelona;Portugal_Inter;Turkiye_Inter;AC Milan_Inter;Portugal_Liverpool;Turkiye_Liverpool;AC Milan_Liverpool
2026-02-02 23:52;Legend;Nigeria;Mexico;Ajax;Napoli;Galatasaray;Man Utd;Nigeria_Napoli;Mexico_Napoli;Ajax_Napoli;Nigeria_Galatasaray;Mexico_Galatasaray;Ajax_Galatasaray;Nigeria_Man Utd;Mexico_Man Utd;Ajax_Man Utd
2026-02-03 12:58;Easy;Arsenal;Chelsea;Tottenham;Man City;Real Madrid;Liverpool;Arsenal_Man City;Chelsea_Man City;Tottenham_Man City;Arsenal_Real Madrid;Chelsea_Real Madrid;Tottenham_Real Madrid;Arsenal_Liverpool;Chelsea_Liverpool;Tottenham_Liverpool
2026-02-03 12:58;Normal;Man City;Juventus;Chelsea;Man Utd;PSG;Barcelona;Man City_Man Utd;Juventus_Man Utd;Chelsea_Man Utd;Man City_PSG;Juventus_PSG;Chelsea_PSG;Man City_Barcelona;Juventus_Barcelona;Chelsea_Barcelona
2026-02-03 12:58;Hard;Man Utd;Portugal;Inter;Arsenal;Barcelona;Tottenham;Man Utd_Arsenal;Portugal_Arsenal;Inter_Arsenal;Man Utd_Barcelona;Portugal_Barcelona;Inter_Barcelona;Man Utd_Tottenham;Portugal_Tottenham;Inter_Tottenham
2026-02-03 12:58;Legend;Tottenham;Nigeria;Boca Juniors;Man City;AC Milan;Newcastle;Tottenham_Man City;Nigeria_Man City;Boca Juniors_Man City;Tottenham_AC Milan;Nigeria_AC Milan;Boca Juniors_AC Milan;Tottenham_Newcastle;Nigeria_Newcastle;Boca Juniors_Newcastle
