FECHA;JUEGO;DIFICULTAD;TOTAL_ENCONTRADOS;ITEMS_ENCONTRADOS
2025-12-16 23:47;Clubes;Normal;11;Atletico Madrid, Juventus, Benfica, Inter, Al Hilal, Galatasaray, Sporting CP, Liverpool, Newcastle United, Monaco, Roma
2025-12-16 23:47;Países;Normal;11;USA, Turkiye, Spain, Poland, Japan, Norway, Nigeria, Senegal, Ukraine, Croatia, Brazil
2025-12-17 22:27;Clubes;Normal;11;Monaco, Boca Juniors, Ajax, PSG, Aston Villa, Al Ittihad, Real Madrid, Al Nassr, Juventus, Valencia, Benfica
2025-12-17 22:27;Países;Normal;11;Argentina, Czech Republic, Sweden, Turkiye, England, South Korea, Ukraine, Ecuador, Senegal, Scotland, Norway
2025-12-18 19:25;Clubes;Normal;11;Atletico Madrid, Juventus, Real Madrid, Napoli, Barcelona, Inter Miami, Al Nassr, Manchester United, Newcastle United, Lazio, Sevilla
2025-12-18 19:25;Países;Normal;11;Croatia, Portugal, Morocco, South Korea, Turkiye, Scotland, Uruguay, Ivory Coast, Sweden, Spain, Cameroon
2025-12-19 14:17;Clubes;Normal;11;Manchester City, Barcelona, Tottenham Hotspur, Villarreal, Al Ittihad, Aston Villa, PSG, Real Betis, Manchester United, Valencia, Real Madrid
2025-12-19 14:17;Países;Normal;11;Japan, Switzerland, Sweden, Denmark, Germany, Norway, Senegal, Brazil, France, Uruguay, Spain
2025-12-20 17:44;Clubes;Normal;11;Valencia, Aston Villa, Inter Miami, Manchester United, Brighton, Chelsea, Everton, Napoli, Villarreal, Sevilla, Atalanta
2025-12-20 17:44;Países;Normal;11;Belgium, Ivory Coast, Senegal, France, Switzerland, Ghana, Spain, Argentina, Morocco, Cameroon, USA
2025-12-21 16:42;Clubes;Normal;11;Juventus, Al Nassr, Galatasaray, Manchester City, Boca Juniors, Al Ittihad, Atalanta, Liverpool, Aston Villa, Oporto, Brighton
2025-12-21 16:42;Países;Normal;11;Argentina, Ghana, England, Ecuador, Netherlands, Algeria, Ukraine, Germany, Scotland, USA, South Korea
2025-12-22 12:48;Clubes;Normal;11;Arsenal, Al Nassr, Galatasaray, Real Madrid, AC Milan, Newcastle United, Barcelona, Monaco, Atalanta, Lazio, Porto
2025-12-22 12:48;Países;Normal;11;Turkiye, Sweden, Uruguay, Spain, Ukraine, Colombia, South Korea, USA, Algeria, England, Czech Republic
2025-12-23 13:03;Clubes;Normal;11;Boca Juniors, Liverpool, Lazio, Valencia, Sporting CP, Roma, Porto, Tottenham Hotspur, Atletico Madrid, Barcelona, Everton
2025-12-23 13:03;Países;Normal;11;Poland, Algeria, Croatia, Senegal, France, Austria, Brazil, Sweden, England, Turkiye, Netherlands
2025-12-24 14:58;Clubes;Normal;11;Atletico Madrid, Benfica, Manchester City, Sporting CP, Monaco, Al Ittihad, Al Hilal, Sevilla, Napoli, Manchester United, Galatasaray
2025-12-24 14:58;Países;Normal;11;Morocco, Germany, Poland, Nigeria, Ukraine, Croatia, Czech Republic, Ecuador, Spain, Senegal, Japan
2025-12-26 13:25;Clubes;Normal;11;Manchester City, Napoli, Juventus, Valencia, Inter, PSG, Sporting CP, Ajax, Everton, Al Ittihad, Atletico Madrid
2025-12-26 13:25;Países;Normal;11;Germany, Senegal, Belgium, Norway, Ecuador, Croatia, Scotland, Czech Republic, Colombia, Nigeria, Mexico
2025-12-27 15:42;Clubes;Normal;11;Napoli, Ajax, Juventus, Atletico Madrid, West Ham, Al Ittihad, PSG, Valencia, Tottenham Hotspur, Liverpool, Barcelona
2025-12-27 15:42;Países;Normal;11;Brazil, Uruguay, Denmark, Norway, Portugal, Belgium, Algeria, Senegal, Scotland, Ecuador, Morocco
2025-12-28 16:57;Clubes;Normal;11;Valencia, Atalanta, Porto, Lazio, Inter Miami, Tottenham Hotspur, Manchester City, Aston Villa, Benfica, Monaco, Arsenal
2025-12-28 16:57;Países;Normal;11;Turkiye, Nigeria, Argentina, Cameroon, Italy, Brazil, Ukraine, Germany, Norway, USA, Senegal
2025-12-29 22:03;Clubes;Normal;11;Inter Miami, Chelsea, Aston Villa, Manchester United, Real Madrid, Boca Juniors, Napoli, Lazio, Inter, Galatasaray, Juventus
2025-12-29 22:03;Países;Normal;11;Argentina, Sweden, Mexico, Austria, Ghana, England, Morocco, Turkiye, Spain, France, Cameroon
2025-12-30 01:20;Clubes;Normal;11;Roma, Arsenal, Manchester City, Juventus, Boca Juniors, Monaco, Brighton, Villarreal, West Ham, Manchester United, Lazio
2025-12-30 01:20;Países;Normal;11;Spain, Italy, Ghana, Austria, Germany, USA, Belgium, Czech Republic, Switzerland, England, Turkiye
2025-12-31 17:20;Clubes;Normal;11;Atalanta, Benfica, Roma, Inter, Real Madrid, Ajax, Lazio, Sporting CP, Sevilla, Chelsea, Porto
2025-12-31 17:20;Países;Normal;11;Nigeria, USA, Turkiye, Sweden, Austria, Mexico, Ivory Coast, Czech Republic, Argentina, Algeria, Poland
2026-01-01 14:09;Clubes;Normal;11;Aston Villa, Al Hilal, Monaco, Juventus, Liverpool, Inter Miami, Al Ittihad, Roma, Sporting CP, Benfica, West Ham
2026-01-01 14:09;Países;Normal;11;Nigeria, Cameroon, Netherlands, Turkiye, Poland, Czech Republic, Austria, Japan, Belgium, France, Ecuador
2026-01-02 20:10;Clubes;Normal;11;Manchester City, Barcelona, Sporting CP, Boca Juniors, Galatasaray, Aston Villa, AC Milan, Atalanta, Benfica, Arsenal, West Ham
2026-01-02 20:10;Países;Normal;11;Nigeria, Ukraine, Belgium, Poland, England, Italy, Argentina, USA, Colombia, Uruguay, Germany
2026-01-03 18:25;Clubes;Normal;11;Aston Villa, Real Madrid, Benfica, Galatasaray, Real Betis, Newcastle United, Ajax, Barcelona, Lazio, Brighton, Tottenham Hotspur
2026-01-03 18:25;Países;Normal;11;Sweden, Portugal, Poland, Ghana, Algeria, Brazil, Uruguay, Turkiye, Denmark, Ukraine, France
2026-01-04 22:32;Clubes;Normal;11;Manchester United, Benfica, Tottenham Hotspur, Aston Villa, Sporting CP, Sevilla, West Ham, Monaco, Liverpool, Real Betis, Everton
2026-01-04 22:32;Países;Normal;11;France, Senegal, Belgium, Denmark, Brazil, Netherlands, Ukraine, Czech Republic, Uruguay, Spain, Poland
2026-01-05 15:57;Clubes;Normal;11;Porto, Everton, Inter, Valencia, Brighton, Galatasaray, Barcelona, Atalanta, West Ham, Atletico Madrid, Ajax
2026-01-05 15:57;Países;Normal;11;Uruguay, Nigeria, Senegal, Ghana, Croatia, Belgium, USA, France, Ukraine, Colombia, Algeria
2026-01-06 18:20;Clubes;Normal;11;Galatasaray, Valencia, Everton, Manchester United, Juventus, Tottenham Hotspur, Lazio, Al Hilal, Benfica, Atalanta, Porto
2026-01-06 18:20;Países;Normal;11;Senegal, France, Turkiye, Ukraine, Poland, Portugal, Spain, Scotland, USA, Nigeria, Cameroon
2026-01-07 15:34;Clubes;Normal;11;Galatasaray, Inter Miami, Everton, Napoli, Brighton, Manchester United, AC Milan, Atletico Madrid, Villarreal, Monaco, Porto
2026-01-07 15:34;Países;Normal;11;Ghana, Nigeria, Czech Republic, Switzerland, Belgium, Morocco, Colombia, Germany, Croatia, Ukraine, Cameroon
2026-01-08 23:13;Clubes;Normal;11;Roma, West Ham, Tottenham Hotspur, Benfica, Newcastle United, Napoli, Villarreal, Al Ittihad, Inter Miami, Real Betis, Sporting CP
2026-01-08 23:13;Países;Normal;11;Ukraine, Cameroon, Nigeria, Ecuador, Belgium, Morocco, Switzerland, Denmark, Spain, Portugal, Austria
2026-01-10 22:33;Clubes;Normal;11;Tottenham Hotspur, Atalanta, Chelsea, Real Betis, Inter Miami, AC Milan, Brighton, PSG, Lazio, Everton, Aston Villa
2026-01-10 22:33;Países;Normal;11;Brazil, Norway, Netherlands, Turkiye, Colombia, Cameroon, Argentina, Ghana, Denmark, USA, France
2026-01-11 22:34;Clubes;Normal;11;Atalanta, Monaco, Al Ittihad, West Ham, Boca Juniors, Arsenal, Brighton, Inter, Napoli, AC Milan
2026-01-11 22:34;Países;Normal;11;Mexico, Ghana, Morocco, England, USA, Ecuador, Italy, Sweden, Norway, Uruguay, Colombia2026-01-12 13:58;Clubes;Normal;11;Inter, Brighton, Monaco, Ajax, Sporting CP, AC Milan, Napoli, Manchester United, Al Hilal, Barcelona, Sevilla
2026-01-12 13:58;Países;Normal;11;Norway, Ghana, Colombia, Czech Republic, Nigeria, Uruguay, Morocco, Japan, Ivory Coast, Spain, Mexico
2026-01-13 23:14;Clubes;Normal;11;Chelsea, Inter, Atletico Madrid, AC Milan, Tottenham Hotspur, Benfica, Newcastle United, Inter Miami, Al Nassr, Sporting CP, Manchester City
2026-01-13 23:14;Países;Normal;11;Netherlands, Cameroon, Brazil, Poland, Ecuador, Germany, Nigeria, Croatia, Portugal, Mexico, Colombia
2026-01-15 12:52;Clubes;Normal;11;Aston Villa, Everton, Newcastle United, Arsenal, Sevilla, Benfica, Napoli, Brighton, Boca Juniors, Real Madrid, Lazio
2026-01-15 12:52;Países;Normal;11;Croatia, South Korea, Argentina, Morocco, Italy, Turkiye, Portugal, Poland, England, France, Ivory Coast
2026-01-16 11:52;Clubes;Normal;11;Al Hilal, Manchester City, Monaco, Boca Juniors, Al Nassr, Arsenal, Sporting CP, Newcastle United, Roma, Napoli, Atalanta
2026-01-16 11:52;Países;Normal;11;Norway, England, Germany, South Korea, Nigeria, Japan, Portugal, USA, Austria, Morocco, Italy
2026-01-17 18:38;Clubes;Normal;11;Al Hilal, Al Ittihad, Inter Miami, Sporting CP, Everton, Manchester City, Aston Villa, Monaco, Galatasaray, Boca Juniors, Ajax
2026-01-17 18:38;Países;Normal;11;Ukraine, Japan, Argentina, France, Norway, Czech Republic, Ecuador, Germany, England, Cameroon, Nigeria
2026-01-18 23:30;Clubes;Normal;11;Manchester United, Real Madrid, Boca Juniors, PSG, Chelsea, Inter, Napoli, Manchester City, Monaco, Galatasaray, Everton
2026-01-18 23:30;Países;Normal;11;Germany, Mexico, Czech Republic, Morocco, Sweden, France, Netherlands, Spain, Norway, England, Ukraine
2026-01-19 22:43;Clubes;Normal;11;Manchester United, Benfica, Monaco, Chelsea, Ajax, Inter, Villarreal, Al Nassr, Barcelona, Valencia, Arsenal
2026-01-19 22:43;Países;Normal;11;Italy, Spain, Mexico, Czech Republic, Senegal, Netherlands, Ukraine, Switzerland, Norway, South Korea, Sweden
2026-01-20 11:18;Clubes;Normal;11;Manchester City, Real Madrid, Al Nassr, Brighton, West Ham, Inter Miami, Sporting CP, Roma, Arsenal, Newcastle United, Porto
2026-01-20 11:18;Países;Normal;11;Sweden, Nigeria, Austria, Belgium, South Korea, Portugal, Algeria, Cameroon, Germany, Ghana, Italy
2026-01-21 23:46;Clubes;Normal;11;Brighton, Villarreal, Chelsea, Inter, Al Ittihad, Monaco, Napoli, Liverpool, Benfica, Aston Villa, Sporting CP
2026-01-21 23:46;Países;Normal;11;Ghana, Mexico, Morocco, Brazil, Poland, Nigeria, Norway, Switzerland, France, Argentina, Ecuador
2026-01-23 20:05;Clubes;Normal;11;Galatasaray, Atletico Madrid, Al Nassr, Real Madrid, Everton, Lazio, Liverpool, Inter Miami, Al Ittihad, Al Hilal, Newcastle United
2026-01-23 20:05;Países;Normal;11;Sweden, Ecuador, Croatia, South Korea, Netherlands, Ukraine, Cameroon, Austria, France, Japan, Portugal
2026-01-24 11:32;Clubes;Normal;11;PSG, Sporting CP, Aston Villa, Arsenal, West Ham, Barcelona, Real Betis, Inter, Inter Miami, Manchester City, Monaco
2026-01-24 11:32;Países;Normal;11;Norway, Mexico, Uruguay, Poland, Argentina, Scotland, Denmark, Italy, Sweden, England, Cameroon
2026-01-25 23:27;Clubes;Normal;11;Boca Juniors, Inter Miami, Manchester City, Real Betis, Monaco, Atletico Madrid, Ajax, AC Milan, Napoli, Barcelona, Valencia
2026-01-25 23:27;Países;Normal;11;Norway, Denmark, England, Colombia, Uruguay, Germany, Croatia, Cameroon, Morocco, Senegal, Czech Republic
2026-01-26 23:55;Clubes;Normal;11;West Ham, Al Ittihad, Real Madrid, Porto, Aston Villa, Inter, Barcelona, Al Nassr, Sevilla, Lazio, Boca Juniors
2026-01-26 23:55;Países;Normal;11;Austria, Mexico, Uruguay, Ecuador, South Korea, Sweden, Algeria, Ivory Coast, England, Argentina, Croatia
2026-01-27 23:00;Clubes;Normal;11;Atalanta, Boca Juniors, Everton, Barcelona, Newcastle United, Real Madrid, Aston Villa, Al Ittihad, Roma, West Ham, Inter Miami
2026-01-27 23:00;Países;Normal;11;USA, Sweden, Ecuador, Uruguay, England, Portugal, Argentina, Cameroon, France, Austria, Croatia
2026-01-28 23:57;Clubes;Normal;11;Benfica, Al Nassr, Porto, Napoli, Galatasaray, Inter Miami, Monaco, Barcelona, Al Hilal, Brighton, Everton
2026-01-28 23:57;Países;Normal;11;France, South Korea, Uruguay, Ghana, Poland, Colombia, Algeria, Ukraine, Norway, Cameroon, Japan
2026-01-29 23:29;Clubes;Normal;11;Manchester City, Ajax, Monaco, PSG, Al Ittihad, Lazio, Chelsea, Liverpool, Aston Villa, Boca Juniors, Valencia
2026-01-29 23:29;Países;Normal;11;France, Norway, Algeria, England, Senegal, Czech Republic, Netherlands, Turkiye, Germany, Argentina, Ecuador
2026-01-31 20:14;Clubes;Normal;11;Ajax, Inter Miami, Arsenal, Tottenham Hotspur, Porto, Inter, Liverpool, Chelsea, Real Madrid, Manchester City, Al Hilal
2026-01-31 20:14;Países;Normal;11;Brazil, Japan, Cameroon, Germany, Mexico, Portugal, Algeria, Italy, Netherlands, Sweden, Nigeria
2026-02-01 12:55;Clubes;Normal;11;Manchester City, Boca Juniors, Inter Miami, Atalanta, Brighton, Barcelona, AC Milan, Juventus, Al Hilal, Ajax, Inter
2026-02-01 12:55;Países;Normal;8;England, Japan, Germany, South Korea, Colombia, Morocco, Turkiye, Czech Republic, Cameroon, Mexico, Sweden
2026-02-02 23:50;Clubes;Normal;11;Aston Villa, PSG, Lazio, Villarreal, Ajax, Tottenham Hotspur, Sporting CP, Boca Juniors, Chelsea, Everton, Brighton
2026-02-02 23:50;Países;Normal;11;Belgium, Algeria, Brazil, Argentina, Nigeria, France, Turkiye, England, Norway, Switzerland, South Korea
2026-02-03 17:37;Clubes;Normal;11;Al Ittihad, Villarreal, Real Madrid, Lazio, Manchester City, Chelsea, Barcelona, Boca Juniors, Inter, Atalanta, Monaco
2026-02-03 17:37;Países;Normal;11;Sweden, Uruguay, Ivory Coast, Turkiye, Mexico, Germany, Argentina, USA, Ecuador, England, Czech Republic
2026-02-04 23:37;Clubes;Normal;11;Everton, Chelsea, Boca Juniors, Liverpool, Lazio, Al Hilal, Al Nassr, Sevilla, Real Betis, Juventus, Atalanta
2026-02-04 23:37;Países;Normal;11;Ecuador, Netherlands, Scotland, Argentina, Denmark, Cameroon, Belgium, England, Ivory Coast, USA, Austria
2026-02-05 23:44;Clubes;Normal;11;Galatasaray, AC Milan, PSG, Sevilla, Porto, Atletico Madrid, Benfica, Napoli, Al Nassr, West Ham, Tottenham Hotspur
2026-02-05 23:44;Países;Normal;11;Nigeria, Ivory Coast, Morocco, Denmark, Scotland, Belgium, Ecuador, Brazil, Poland, Ukraine, Colombia
2026-02-06 00:28;Clubes;Normal;11;Brighton, Monaco, Chelsea, PSG, Inter, Liverpool, Sporting CP, Al Nassr, Juventus, West Ham, Atalanta
2026-02-06 00:28;Países;Normal;11;Scotland, Poland, Belgium, Norway, Ghana, Argentina, Mexico, USA, Ecuador, Czech Republic, Netherlands
2026-02-07 00:56;Clubes;Normal;11;Sevilla, Everton, Tottenham Hotspur, Al Hilal, Villarreal, Liverpool, Newcastle, Lazio, Brighton, Inter Miami, Galatasaray
2026-02-07 00:56;Países;Normal;11;France, Cameroon, Portugal, Switzerland, Ivory Coast, Japan, South Korea, Turkiye, Ukraine, Netherlands2026-02-08 12:29;Clubes;Normal;11;Monaco, Inter Miami, Inter, West Ham, Real Betis, Atletico Madrid, Sevilla, Al Ittihad, Valencia, Boca Juniors, Brighton
2026-02-08 12:29;Países;Normal;11;England, Senegal, Denmark, Mexico, Ivory Coast, Czech Republic, Ghana, Cameroon, Croatia, Belgium, Ecuador
2026-02-09 01:02;Clubes;Normal;11;Atalanta, Ajax, Sporting CP, Villarreal, Roma, Juventus, Al Hilal, Atletico Madrid, Liverpool, Real Betis, Tottenham Hotspur
2026-02-09 01:02;Países;Normal;11;Algeria, Croatia, Netherlands, Turkiye, Switzerland, Nigeria, Brazil, Japan, Austria, Denmark, Morocco
2026-02-10 11:56;Clubes;Normal;11;Barcelona, Roma, West Ham, Inter, Aston Villa, PSG, Arsenal, Sevilla, Newcastle United, Juventus, Atalanta
2026-02-10 11:56;Países;Normal;11;Belgium, Argentina, Portugal, Italy, Ivory Coast, Mexico, USA, Austria, Norway, Turkiye, Sweden
2026-02-11 12:28;Clubes;Normal;11;Inter, Aston Villa, Chelsea, Sevilla, Napoli, Roma, Galatasaray, AC Milan, Everton, Newcastle United, Lazio
2026-02-11 12:28;Países;Normal;11;Ivory Coast, Mexico, Ukraine, Belgium, Portugal, France, Austria, Morocco, Turkiye, Netherlands, Colombia
2026-02-14 18:58;Clubes;Normal;11;Porto, Tottenham Hotspur, Al Ittihad, Newcastle United, Al Hilal, Liverpool, Sevilla, Boca Juniors, Everton, Real Madrid, Galatasaray
2026-02-14 18:58;Países;Normal;11;Netherlands, Ecuador, England, Brazil, Sweden, France, Algeria, Portugal, Ukraine, Japan, Senegal
2026-02-15 23:50;Clubes;Normal;11;Monaco, Al Hilal, Atletico Madrid, Liverpool, Napoli, Manchester City, Brighton, Real Madrid, Al Ittihad, Chelsea, Newcastle United
2026-02-15 23:50;Países;Normal;11;Spain, Norway, Ecuador, Netherlands, Portugal, Croatia, Ghana, Italy, South Korea, Uruguay, Mexico
2026-02-16 23:41;Clubes;Normal;11;Inter Miami, Ajax, Arsenal, Atalanta, Barcelona, Everton, Liverpool, Manchester City, Valencia, Real Betis, Newcastle United
2026-02-16 23:41;Países;Normal;11;Italy, Japan, Ivory Coast, Spain, Argentina, Morocco, Uruguay, England, Czech Republic, Brazil, Denmark
2026-02-17 14:26;Clubes;Normal;11;Valencia, Atalanta, Villarreal, Real Betis, Inter Miami, Benfica, Inter, Napoli, Manchester United, Juventus, Lazio
2026-02-17 14:26;Países;Normal;11;Ivory Coast, Germany, Poland, Croatia, Morocco, Senegal, Japan, Turkiye, Denmark, Austria, Colombia
2026-02-18 00:16;Clubes;Normal;11;Al Nassr, Al Hilal, AC Milan, Brighton, PSG, Sporting CP, Ajax, Inter, Porto, Juventus, Atletico Madrid
2026-02-18 00:16;Países;Normal;11;Nigeria, Scotland, Ecuador, Mexico, Algeria, Ghana, Austria, Sweden, Ukraine, Norway, Senegal
